{
  "project_info": {
    "project_number": "861601904076",
    "project_id": "quizapp-16d53",
    "storage_bucket": "quizapp-16d53.firebasestorage.app"
  },
  "client": [
    {
      "client_info": {
        "mobilesdk_app_id": "1:861601904076:android:22e00a0de08a60de619969",
        "android_client_info": {
          "package_name": "com.example.quizapp"
        }
      },
      "oauth_client": [],
      "api_key": [
        {
          "current_key": "AIzaSyBZ_ci6EJ5iCXOdv7v92FWtGpepZxHycGs"
        }
      ],
      "services": {
        "appinvite_service": {
          "other_platform_oauth_client": []
        }
      }
    },
    {
      "client_info": {
        "mobilesdk_app_id": "1:861601904076:android:41f4292f9c5c374c619969",
        "android_client_info": {
          "package_name": "com.example.quizzapp"
        }
      },
      "oauth_client": [],
      "api_key": [
        {
          "current_key": "AIzaSyBZ_ci6EJ5iCXOdv7v92FWtGpepZxHycGs"
        }
      ],
      "services": {
        "appinvite_service": {
          "other_platform_oauth_client": []
        }
      }
    }
  ],
  "configuration_version": "1"
}